"Species","list_2_AT2G32950","list_2_AT2G43010","list_2_AT3G55120","list_2_AT2G18790","list_2_AT2G22960","list_2_AT1G30530","list_2_AT3G51240","list_2_AT1G06040","list_2_AT2G36790","list_2_AT4G22880","list_2_AT5G13930","list_2_AT4G37490","list_2_AT5G63860","list_2_AT5G54060","list_2_AT5G42800","list_2_AT4G14090","list_2_AT1G06180","list_2_AT2G47460","list_2_AT5G07990","list_2_AT5G08130","list_2_AT2G46340","list_2_AT4G37260","list_2_AT5G17030","list_2_AT1G19350","list_2_AT4G08920","list_2_AT3G55270","list_2_AT5G08640","list_2_AT1G60270","list_2_AT1G69810","list_2_AT5G11260","list_2_AT5G52250","list_2_AT5G05270","list_2_AT5G42900","list_2_AT3G17609","list_2_AT5G40820","list_2_AT5G17050","list_2_AT5G54010","list_2_AT3G52740","list_2_AT1G06000","list_2_AT5G54160","list_2_AT5G63590"
"Cra",0,0,0,0,0.272727272727273,0,0.25,0,0,0.25,0,0.129032258064516,0,0,0.545454545454545,0,0,0,0.5,0,0,0,0,0,0.25,0,0.3,0,0,0,0,0,0,0,0,0,0,0,0,0.476190476190476,0.232558139534884
"Bnh",0,0,0.5,0,0.125,0.0983606557377049,0.168831168831169,0,0.0754716981132075,0.136986301369863,0,0.0188679245283019,0,0.0357142857142857,0.307692307692308,0.0657894736842105,0.0091743119266055,0.0173913043478261,0.418604651162791,0,0,0.0285714285714286,0.12280701754386,0,0,0,0.164556962025316,0.337662337662338,0,0,0,0.666666666666667,0,0,0,0.120689655172414,0.0377358490566038,0,0.0158730158730159,0.361111111111111,0.142857142857143
"Tar",0.181818181818182,0,0,0.166666666666667,0.5,0.107142857142857,0.282051282051282,0,0.1,0.282051282051282,0.2,0.153846153846154,0,0.0285714285714286,0.714285714285714,0.0967741935483871,0.0425531914893617,0.04,0.4,0,0.142857142857143,0.0181818181818182,0.125,0,0.4,0,0.348837209302326,0.162790697674419,0,0,0,0,0,0,0.166666666666667,0.103448275862069,0,0,0,0.65,0.288888888888889
"Aal",0,0,0,0,0.419354838709677,0.293103448275862,0.272727272727273,0,0.227272727272727,0.290909090909091,0,0.166666666666667,0.1875,0.0869565217391304,0.48,0.226415094339623,0.048780487804878,0.0454545454545455,0.76,0,0,0.0638297872340425,0.285714285714286,0,0,0.2,0.339622641509434,0.579710144927536,0,0,0,0,0,0,0,0.298245614035088,0.125,0,0.0909090909090909,0.529411764705882,0.25
"Aty",0,0,0,0,0.733333333333333,0.327586206896552,0.456521739130435,0,0.318181818181818,0.474576271186441,0,0.115384615384615,0,0.122448979591837,0.478260869565217,0.25,0,0,0.853658536585366,0,0,0,0.293103448275862,0,0,0,0.454545454545455,0.541666666666667,0,0.5,0,0,0,0.5,0,0.327586206896552,0.152173913043478,0,0.208333333333333,0.529411764705882,0.392857142857143
"Cru",0,0,0,0,0.461538461538462,0.159090909090909,0.320754716981132,0,0.148936170212766,0.339285714285714,0,0.125,0,0,0.285714285714286,0.163636363636364,0,0,0.657142857142857,0,0,0.0172413793103448,0.162790697674419,0,0,0,0.338983050847458,0.418604651162791,0,0,0,0,0,0,0,0.150943396226415,0.0454545454545455,0,0.0952380952380952,0.3125,0.311475409836066
"Cen",0,0,0,0,0.242424242424242,0.127659574468085,0.253968253968254,0,0.0465116279069767,0.25,0,0.0425531914893617,0,0.0377358490566038,0.441860465116279,0.0819672131147541,0,0,0.5,0,0,0,0.152173913043478,0,0,0,0.253731343283582,0.352941176470588,0,0,0,0,0,0,0,0.145833333333333,0.0208333333333333,0,0,0.40625,0.220588235294118
"Esy",0.0769230769230769,0,1,0,0.535714285714286,0,0.257142857142857,0,0,0.263157894736842,0,0.230769230769231,0,0,0.363636363636364,0,0,0,0.3,0,0,0,0,0,0,0,0.314285714285714,0.619047619047619,0,0,0.125,0,0,0,0,0,0,0,0,0.633333333333333,0.275
"Aar",0,0,0,0,0.32,0.151515151515152,0.151515151515152,0,0.136363636363636,0.176470588235294,0,0,0,0.0606060606060606,0.238095238095238,0.135135135135135,0,0,0.263157894736842,0,0,0,0.15625,0,0,0,0.176470588235294,0.378787878787879,0,0,0,0,0,0,0,0.151515151515152,0.04,0,0.0344827586206897,0.515151515151515,0.162162162162162
"Tha",0,0,0,0,0.45,0.117647058823529,0.209302325581395,0,0.0606060606060606,0.244444444444444,0.285714285714286,0,0,0.0645161290322581,0.12,0.0714285714285714,0,0,0.5,0,0,0,0.117647058823529,0,0,0,0.266666666666667,0.209302325581395,0,0,0,0,0,0,0,0.125,0.0740740740740741,0,0.0588235294117647,0.441176470588235,0.266666666666667
"Cpa",0,0,0,0,0.333333333333333,0.27906976744186,0.4,0,0.117647058823529,0.324324324324324,0,0,0,0.1,0.2,0.31578947368421,0,0,0.75,0,0,0,0.288888888888889,0,0.25,0,0.333333333333333,0.521739130434783,0,0,0,0,0,0,0,0.295454545454545,0.142857142857143,0,0.0666666666666667,0.666666666666667,0.333333333333333
"Mol",0,0,0,0,0,0,0.125,0,0,0.148148148148148,0.333333333333333,0.0526315789473684,0,0,0.318181818181818,0,0,0,0,0,0,0,0,0,0,0,0.0476190476190476,0,0,0,0,0,0,0,0,0,0,0,0,0,0.136363636363636
"Gsz",0,0,0,0,0,0.214285714285714,0.240506329113924,0,0.121212121212121,0.2625,0.3,0,0,0.0178571428571429,0.333333333333333,0.169811320754717,0,0.00925925925925926,0.447368421052632,0,0,0.0275229357798165,0.166666666666667,0,0,0.3,0.259259259259259,0.166666666666667,0.010752688172043,0,0,0,0,0,0,0.178571428571429,0.0983606557377049,0,0.0363636363636364,0.552631578947368,0.2375
"Gra",0,0,0,0,0.25,0.153846153846154,0.306818181818182,0,0.0634920634920635,0.290697674418605,0.272727272727273,0,0,0.0298507462686567,0.263157894736842,0.125,0,0,0.48051948051948,0,0,0,0.154929577464789,0,0,0.2,0.290322580645161,0.37037037037037,0,0,0,0,0,0,0,0.138461538461538,0.0746268656716418,0,0.0303030303030303,0.536585365853659,0.287234042553192
"Tcc",0,0,0,0,0.4,0.260869565217391,0.453125,0,0.180327868852459,0.467741935483871,0.166666666666667,0,0,0.161290322580645,0.551724137931034,0.238095238095238,0,0,0.695652173913043,0,0,0,0.253333333333333,0,0.25,0,0.467741935483871,0.56,0,0,0,0,0,0,0,0.294117647058824,0.155172413793103,0,0.135593220338983,0.473684210526316,0.448275862068966
"Hha",0,0,0,0.0833333333333333,0.34375,0.08,0.322033898305085,0,0.0952380952380952,0.368421052631579,0.384615384615385,0,0,0.0476190476190476,0.277777777777778,0.148148148148148,0,0.0196078431372549,0.44,0,0,0,0.0454545454545455,0,0.222222222222222,0,0.316666666666667,0.419354838709677,0,0,0,0,0,0,0,0.04,0.0681818181818182,0,0.04,0.4,0.31578947368421
"Asi",0,0,0.5,0,0.363636363636364,0.243243243243243,0.151515151515152,0,0.0975609756097561,0.176470588235294,0.153846153846154,0,0,0.147058823529412,0.346153846153846,0.326923076923077,0.0151515151515152,0,0.641509433962264,0,0,0.0185185185185185,0.204545454545455,0,0,0,0.1,0.195121951219512,0,0.5,0,0.666666666666667,0,0.5,0,0.238095238095238,0.222222222222222,0,0.1,0.266666666666667,0.107142857142857
"Tos",0.0476190476190476,0,0,0,0.384615384615385,0.136363636363636,0.0833333333333333,0,0,0.0833333333333333,0.2,0.027027027027027,0,0,0.263157894736842,0.176470588235294,0,0,0,0,0,0,0.125,0,0.285714285714286,0,0.0769230769230769,0,0,0,0,0,0,0,0,0.142857142857143,0.0645161290322581,0,0.0645161290322581,0,0.111111111111111
"Csv",0,0,1,0,0.454545454545455,0.15,0.186440677966102,0,0.138888888888889,0.192982456140351,0.357142857142857,0,0,0.0810810810810811,0.36,0.155555555555556,0,0,0.435483870967742,0,0,0,0.175,0,0,0,0.175438596491228,0.476190476190476,0,0,0,0.666666666666667,0,0,0,0.175,0.108695652173913,0,0.0344827586206897,0.325,0.178571428571429
"Mai",0,0,0,0,0.68421052631579,0.0638297872340425,0.365079365079365,0,0,0.360655737704918,0.433333333333333,0.09375,0,0,0.564102564102564,0.1,0,0,0.555555555555556,0,0,0,0.0731707317073171,0,0.142857142857143,0,0.348484848484849,0.354838709677419,0,0,0,0,0,0,0,0.0833333333333333,0.0576923076923077,0,0.0416666666666667,0.555555555555556,0.303030303030303
"Aya",0,0,1,0,0.5,0.25,0.440677966101695,0,0.16304347826087,0.492957746478873,0.363636363636364,0.0869565217391304,0,0.152941176470588,0.764705882352941,0.25,0,0,0.872727272727273,0,0,0,0.235294117647059,0,0,0,0.492753623188406,0.32258064516129,0,0,0,0.5,0,0,0,0.236842105263158,0.141304347826087,0,0.125,0.75,0.476923076923077
"Cfo",0,0,0,0,0.157894736842105,0.137931034482759,0.135135135135135,0,0.136363636363636,0.114285714285714,0,0,0,0.0444444444444444,0.0740740740740741,0.216216216216216,0,0,0.170731707317073,0,0,0.027027027027027,0.155172413793103,0,0,0,0.114285714285714,0,0,0,0,0,0,0,0,0.163636363636364,0.0454545454545455,0,0.0526315789473684,0,0.138888888888889
"Aca",0,0,0,0,0.2,0.265060240963855,0.525423728813559,0,0.206349206349206,0.491228070175439,0.44,0,0,0.135593220338983,0.515151515151515,0.241935483870968,0,0,0.661016949152542,0,0,0,0.289156626506024,0,0.25,0,0.517857142857143,0.451612903225806,0,0.666666666666667,0,0,0,0.666666666666667,0,0.291139240506329,0.138461538461538,0,0.08,0.6875,0.448275862068966
"Ptr",0,0.027027027027027,0,0,0.631578947368421,0.441176470588235,0.341772151898734,0,0.258064516129032,0.371428571428571,0.357142857142857,0,0,0.0921052631578947,0.468085106382979,0.404255319148936,0,0.0102040816326531,0.616279069767442,0,0,0,0.441176470588235,0,0,0,0.357142857142857,0.434782608695652,0,0,0,0,0,0,0,0.441176470588235,0.105263157894737,0,0.127659574468085,0.5,0.315068493150685
"Sdu",0,0,0,0,0.142857142857143,0,0.228070175438596,0,0,0.232142857142857,0.272727272727273,0,0,0.0512820512820513,0.333333333333333,0,0,0,0.25,0,0,0,0.0384615384615385,0,0,0,0.224137931034483,0,0,0,0,0,0,0,0,0,0.0476190476190476,0,0.0285714285714286,0.545454545454545,0.210526315789474
"Por",0,0,0,0,0.25,0,0.389830508474576,0,0,0.365384615384615,0.692307692307692,0,0,0,0.481481481481481,0,0,0,0.444444444444444,0,0.142857142857143,0,0,0,0,0,0.363636363636364,0.24390243902439,0,0,0,0,0,0,0,0,0,0,0,0.606060606060606,0.38
"Ela",0,0,1,0,0.588235294117647,0.141176470588235,0.333333333333333,0,0.0786516853932584,0.333333333333333,0.545454545454545,0.08,0,0.0821917808219178,0.321428571428571,0.253968253968254,0,0,0.775862068965517,0,0,0.123287671232877,0.138297872340426,0,0,0,0.28,0.481481481481481,0,0,0,0.5,0,0,0,0.197530864197531,0.129411764705882,0,0.0232558139534884,0.523809523809524,0.3
"Mes",0,0,0,0,0.538461538461538,0.23,0.402298850574713,0,0.255102040816327,0.432098765432099,0.2,0,0,0.0769230769230769,0.638297872340426,0.309278350515464,0,0,0.784,0,0,0.024390243902439,0.260416666666667,0,0,0,0.390243902439024,0.80327868852459,0,0,0,0,0,0,0,0.275510204081633,0.223404255319149,0,0.0886075949367089,0.692307692307692,0.4
"Kob",0,0,0,0,0.222222222222222,0,0.297297297297297,0,0,0.321428571428571,0,0,0,0,0.0869565217391304,0,0,0,0.32,0,0,0,0,0,0,0,0.28125,0.352941176470588,0,0,0,0,0,0,0,0,0,0,0,0.666666666666667,0.269230769230769
"Luy",0.0526315789473684,0,0,0.111111111111111,0.642857142857143,0,0.293103448275862,0,0,0.321428571428571,0.454545454545455,0.037037037037037,0,0,0.653846153846154,0,0.0103092783505155,0.0112359550561798,0.804878048780488,0,0,0,0,0,0,0,0.285714285714286,0.411764705882353,0,0,0,0,0,0,0,0,0,0,0,0.568181818181818,0.303571428571429
"Twi",0,0,0,0,0.285714285714286,0,0.162790697674419,0,0,0.166666666666667,0.333333333333333,0.0909090909090909,0,0,0.1875,0,0,0,0.416666666666667,0,0,0,0,0,0,0,0.177777777777778,0.36,0.0140845070422535,0,0,0,0,0,0,0,0,0,0,0.583333333333333,0.195121951219512
"Med",0.0555555555555556,0,0,0,0.296296296296296,0.2,0.212765957446809,0,0.146341463414634,0.219512195121951,0.0714285714285714,0,0,0,0.290322580645161,0,0,0,0.413793103448276,0,0,0,0.203703703703704,0,0.166666666666667,0,0.215686274509804,0.259259259259259,0,0,0.0769230769230769,0,0,0,0,0.196428571428571,0,0,0,0.407407407407407,0.2
"Egr",0,0,0.666666666666667,0,0.722222222222222,0.209876543209877,0.565217391304348,0,0.177966101694915,0.525252525252525,0.357142857142857,0,0,0.0692307692307692,0.527272727272727,0.171232876712329,0,0,0.71875,0,0,0,0.211538461538462,0,0.25,0.571428571428571,0.541666666666667,0.466666666666667,0,0,0.111111111111111,0.5,0,0,0,0.203592814371257,0.1,0,0.0888888888888889,0.738636363636364,0.56989247311828
"Pgu",0,0,0.666666666666667,0.222222222222222,0.478260869565217,0,0.302325581395349,0,0,0.275,0.153846153846154,0,0,0,0.434782608695652,0,0.0333333333333333,0.0307692307692308,0.677966101694915,0,0,0.0175438596491228,0,0,0.333333333333333,0,0.230769230769231,0.321428571428571,0,0,0,0.75,0,0,0,0,0,0,0,0.595238095238095,0.24390243902439
"Ptu",0,0,0.666666666666667,0,0.8,0.129032258064516,0.30188679245283,0,0.0392156862745098,0.326923076923077,0.181818181818182,0,0,0.119047619047619,0.68421052631579,0.109090909090909,0,0,0.75,0,0,0,0.126984126984127,0,0,0,0.333333333333333,0.461538461538462,0,0,0.166666666666667,0.5,0,0,0,0.126984126984127,0.111111111111111,0,0.0892857142857143,0.586206896551724,0.297872340425532
"Ppy",0,0,0,0,0.529411764705882,0.257425742574257,0.185185185185185,0,0.160493827160494,0.153846153846154,0.25,0,0,0.028169014084507,0.385964912280702,0.22093023255814,0.0114942528735632,0,0.46875,0,0,0.021978021978022,0.26530612244898,0.25,0,0,0.164556962025316,0.610526315789474,0.028169014084507,0,0,0,0,0,0,0.26530612244898,0,0,0.0882352941176471,0.541666666666667,0.171052631578947
"Mdh",0,0,0.4,0,0.35,0.0681818181818182,0.106666666666667,0,0.0526315789473684,0.117647058823529,0.3125,0.0294117647058824,0.0384615384615385,0,0.442307692307692,0.0645161290322581,0,0.0246913580246914,0.541666666666667,0,0,0,0.0666666666666667,0.133333333333333,0,0,0.106666666666667,0.3125,0,0,0,0.2,0,0,0,0.0731707317073171,0,0,0.0571428571428571,0.408163265306122,0.117647058823529
"Ppl",0,0,0,0,0.357142857142857,0.27,0.306451612903226,0,0.156626506024096,0.254237288135593,0.636363636363636,0,0,0.0972222222222222,0.6,0.258426966292135,0,0,0.628205128205128,0,0,0,0.294117647058824,0,0.25,0,0.266666666666667,0.215189873417722,0,0,0,0,0,0,0,0.285714285714286,0.0617283950617284,0,0.0273972602739726,0.456521739130435,0.272727272727273
"Rch",0,0,0,0,0.666666666666667,0.244897959183673,0.394736842105263,0,0.175675675675676,0.455696202531646,0.666666666666667,0,0,0.104477611940299,0.457142857142857,0.230769230769231,0,0,0.542553191489362,0,0,0,0.247422680412371,0.142857142857143,0,0,0.416666666666667,0.542857142857143,0,0,0,0,0,0,0,0.233009708737864,0.152777777777778,0,0.1,0.314285714285714,0.413333333333333
"Fve",0,0,0,0,0,0.170212765957447,0.313432835820896,0,0.103896103896104,0.363636363636364,0.333333333333333,0,0,0.0694444444444444,0.363636363636364,0.178082191780822,0.04,0.0344827586206897,0.441176470588235,0,0,0.0434782608695652,0.175824175824176,0,0,0,0.328358208955224,0.354838709677419,0,0,0,0,0,0,0,0.172043010752688,0.0945945945945946,0,0.08,0.3,0.338028169014085
"Mal",0,0,1,0,0.538461538461538,0.107142857142857,0.363636363636364,0,0.037037037037037,0.321428571428571,0.555555555555556,0,0,0,0.755555555555556,0.0740740740740741,0,0,0.793650793650794,0,0,0,0.0851063829787234,0,0,0,0.244897959183673,0.478260869565217,0,0.666666666666667,0,0.75,0,0.666666666666667,0,0.0851063829787234,0,0,0,0.555555555555556,0.294117647058824
"Bon",0,0,0,0,0,0.244444444444444,0.166666666666667,0,0.0731707317073171,0.2,0,0,0,0.0769230769230769,0.2,0.25,0,0,0.727272727272727,0,0,0,0.288888888888889,0,0,0,0.114285714285714,0.470588235294118,0,0,0,0,0,0,0,0.288888888888889,0.0869565217391304,0,0.0545454545454545,0.266666666666667,0.146341463414634
"Csc",0,0,0,0,0,0.048780487804878,0.235294117647059,0,0.0740740740740741,0.266666666666667,0.5,0,0,0.0754716981132075,0.260869565217391,0.0909090909090909,0,0,0.714285714285714,0,0,0,0.0789473684210526,0,0,0,0.27027027027027,0.375,0,0,0,0,0,0,0,0.075,0.127272727272727,0,0.0597014925373134,0.692307692307692,0.257142857142857
"Rru",0,0,0,0,0.352941176470588,0.12,0.298701298701299,0,0.038961038961039,0.345679012345679,0.555555555555556,0.142857142857143,0,0.121495327102804,0.522727272727273,0.0909090909090909,0,0,0.813953488372093,0,0,0,0.125,0,0,0,0.294117647058824,0.232558139534884,0.0227272727272727,0,0,0,0.5,0,0,0.126760563380282,0.114583333333333,0,0.0645161290322581,0.763636363636364,0.304347826086957
"Cla",0,0,0,0,0.529411764705882,0.125,0.363636363636364,0,0.131578947368421,0.264705882352941,0.2,0,0.0454545454545455,0.0652173913043478,0.428571428571429,0.0980392156862745,0,0,0.758620689655172,0,0,0,0.121951219512195,0,0.5,0,0.305555555555556,0.5,0,0,0,0,0,0,0,0.131578947368421,0.0638297872340425,0,0.075,0.823529411764706,0.323529411764706
"Csa",0,0,0,0,0.333333333333333,0.205128205128205,0.355555555555556,0,0.166666666666667,0.4,0,0,0,0.153846153846154,0.541666666666667,0.108695652173913,0,0,0.775510204081633,0,0,0,0.238095238095238,0,0,0,0.333333333333333,0.0833333333333333,0,0,0,0,0,0,0,0.216216216216216,0.125,0,0.142857142857143,0.722222222222222,0.325581395348837
"Trs",0,0,0,0,0.538461538461538,0.276595744680851,0.377777777777778,0,0.230769230769231,0.30952380952381,0.142857142857143,0,0,0.133333333333333,0.583333333333333,0.155172413793103,0,0,0.829787234042553,0,0,0,0.244444444444444,0,0.5,0,0.333333333333333,0.476190476190476,0,0,0,0,0,0,0,0.276595744680851,0.133333333333333,0,0.05,0.555555555555556,0.340909090909091
"Jrr",0,0,0,0,0.75,0.121212121212121,0.27536231884058,0,0.108108108108108,0.289855072463768,0.2,0.0625,0,0.0833333333333333,0.34375,0.137931034482759,0,0,0.65979381443299,0,0,0,0.126984126984127,0,0,0,0.27536231884058,0.291666666666667,0,0,0,0,0,0,0,0.133333333333333,0.0909090909090909,0,0.0365853658536585,0.486486486486487,0.301587301587302
"Cip",0,0,0,0,0.692307692307692,0.253164556962025,0.376623376623377,0,0.166666666666667,0.4,0,0.161290322580645,0,0.141025641025641,0.666666666666667,0.22972972972973,0,0.0252100840336134,0.765765765765766,0,0,0,0.246753246753247,0,0,0,0.378048780487805,0.4,0,0,0,0,0,0,0,0.243589743589744,0.166666666666667,0,0.0659340659340659,0.58695652173913,0.382716049382716
"Mrb",0,0,0,0,0.619047619047619,0.166666666666667,0.36,0,0.120689655172414,0.377777777777778,0.4,0,0,0.0833333333333333,0.479166666666667,0.0740740740740741,0,0,0.685185185185185,0,0,0,0.163934426229508,0.166666666666667,0,0,0.380952380952381,0.533333333333333,0,0,0,0,0,0,0,0.15625,0.0625,0,0.0625,0.432432432432432,0.390243902439024
"Bep",0,0,0,0,0.428571428571429,0.205128205128205,0.288461538461538,0,0.12987012987013,0.3,0.4,0,0,0.195402298850575,0.470588235294118,0.2,0.0188679245283019,0.0338983050847458,0.699029126213592,0,0,0,0.19811320754717,0,0,0,0.313725490196078,0.269230769230769,0,0,0,0,0,0,0,0.214953271028037,0.142857142857143,0,0.134146341463415,0.702702702702703,0.32
"Com",0,0,0,0,0.64,0.0294117647058824,0.411764705882353,0,0,0.451612903225806,0.75,0.148148148148148,0,0.12,0.6,0,0.0363636363636364,0.0508474576271186,0.5,0,0,0.0192307692307692,0.0384615384615385,0.25,0,0,0.412698412698413,0.514285714285714,0,0,0,0,0,0,0,0.0606060606060606,0.186046511627907,0,0.12280701754386,0.692307692307692,0.428571428571429
"Cmx",0,0,0,0,0.170731707317073,0.244274809160305,0.384615384615385,0,0.08,0.346938775510204,0,0.210526315789474,0,0.130434782608696,0.435897435897436,0.220183486238532,0.0449438202247191,0.0481927710843374,0.555555555555556,0,0,0.04,0.231404958677686,0,0,0,0.407407407407407,0.210526315789474,0,0,0,0,0,0,0,0.252032520325203,0.1328125,0,0.109375,0.490566037735849,0.418181818181818
"Gmg",0,0,0,0,0.333333333333333,0.149425287356322,0.313131313131313,0,0.0804597701149425,0.288659793814433,0.535714285714286,0.140350877192982,0.0377358490566038,0.051948051948052,0.48,0.126582278481013,0,0,0.681818181818182,0,0,0,0.185185185185185,0.2,0.0769230769230769,0,0.304347826086957,0.492307692307692,0,0,0,0,0,0,0,0.176470588235294,0.0574712643678161,0,0.087378640776699,0.615384615384615,0.326530612244898
"Pvu",0,0,0.5,0,0.166666666666667,0.260869565217391,0.373134328358209,0,0.230769230769231,0.354838709677419,0.588235294117647,0.185185185185185,0,0.147540983606557,0.615384615384615,0.307692307692308,0,0,0.658536585365854,0,0,0,0.246575342465753,0,0.166666666666667,0,0.3,0.638297872340426,0,0,0,0.4,0,0,0,0.265625,0.191780821917808,0,0.126582278481013,0.394736842105263,0.298245614035088
"Mtr",0.142857142857143,0,0.714285714285714,0,0.535714285714286,0.242424242424242,0.380530973451327,0,0.184,0.408695652173913,0.645161290322581,0.263157894736842,0.0357142857142857,0.0957446808510638,0.428571428571429,0.299065420560748,0,0,0.637096774193548,0,0,0.0166666666666667,0.233333333333333,0.285714285714286,0,0,0.420560747663551,0.490909090909091,0.0153846153846154,0,0,0.714285714285714,0,0,0,0.23,0.0961538461538462,0,0.0930232558139535,0.742424242424242,0.440366972477064
"Ljg",0,0,0,0,0.368421052631579,0,0.341463414634146,0,0.0212765957446809,0.333333333333333,0.473684210526316,0,0,0.0238095238095238,0.333333333333333,0.115384615384615,0,0,0.551282051282051,0,0,0,0.0208333333333333,0,0,0,0.341772151898734,0.272727272727273,0,0,0,0,0,0,0,0.06,0.0357142857142857,0,0,0.314285714285714,0.341772151898734
"Sto",0,0,0,0,0,0.268292682926829,0.166666666666667,0,0.169491525423729,0.159090909090909,0.657142857142857,0.12,0,0.2375,0.545454545454545,0.323076923076923,0,0,0.887640449438202,0,0,0,0.283582089552239,0.111111111111111,0,0,0.155555555555556,0.403846153846154,0,0,0,0,0,0,0,0.278481012658228,0.204819277108434,0,0.129032258064516,0.623529411764706,0.148936170212766
"Euj",0,0,0,0,0.470588235294118,0,0.395061728395062,0,0,0.392857142857143,0.142857142857143,0,0,0,0.258064516129032,0,0.0273972602739726,0.0277777777777778,0.471698113207547,0,0,0.0128205128205128,0,0,0.25,0,0.394736842105263,0.4,0,0,0,0,0,0,0,0,0,0,0,0.233333333333333,0.376470588235294
"Kfe",0,0,0,0,0.230769230769231,0,0.130434782608696,0,0,0.128205128205128,0.466666666666667,0,0,0.0377358490566038,0.181818181818182,0,0,0,0.350877192982456,0,0,0,0,0,0,0,0.127659574468085,0,0,0,0,0,0,0,0,0,0.0425531914893617,0,0.027027027027027,0.277777777777778,0.117647058823529
"Vvi",0,0,0,0,0.444444444444444,0.23,0.567901234567901,0,0.148148148148148,0.551724137931034,0.792452830188679,0,0,0.0714285714285714,0.457627118644068,0.191011235955056,0,0,0.684782608695652,0,0,0,0.201834862385321,0,0,0,0.555555555555556,0.542857142857143,0,0,0,0,0,0,0,0.205882352941176,0.0919540229885057,0,0.0740740740740741,0.695652173913043,0.540540540540541
"Mro",0,0,0,0,0.642857142857143,0.269230769230769,0.481481481481481,0,0.1875,0.494117647058824,0.681818181818182,0,0,0.133333333333333,0.509433962264151,0.252427184466019,0,0.0333333333333333,0.737864077669903,0,0,0,0.271844660194175,0,0.25,0,0.469135802469136,0.551724137931034,0,0,0,0,0,0,0,0.264705882352941,0.181818181818182,0,0.175824175824176,0.692307692307692,0.475
"Cja",0,0,0,0,0.153846153846154,0.269230769230769,0.0666666666666667,0,0.14,0.148148148148148,0.4,0.2,0,0.170731707317073,0.37037037037037,0.212765957446809,0,0.0434782608695652,0.571428571428571,0,0,0,0.260869565217391,0,0,0,0.0769230769230769,0.125,0,0,0,0,0,0,0,0.270833333333333,0.191489361702128,0,0.166666666666667,0.217391304347826,0.08
"Bve",0,0,0,0,0,0.102564102564103,0.230769230769231,0,0.0769230769230769,0.346938775510204,0.5,0,0,0.0232558139534884,0.125,0.0769230769230769,0,0,0.525,0,0,0,0.0571428571428571,0,0,0,0.326530612244898,0,0,0,0,0,0,0,0,0.0731707317073171,0.05,0,0.0512820512820513,0.517241379310345,0.340425531914894
"Smv",0,0,0,0,0.142857142857143,0.0303030303030303,0.282051282051282,0,0.0294117647058824,0.25,0.153846153846154,0.0526315789473684,0.0526315789473684,0,0.375,0.032258064516129,0,0,0.307692307692308,0,0,0,0.032258064516129,0.166666666666667,0,0,0.181818181818182,0.24,0,0,0,0,0,0,0,0.032258064516129,0,0,0.0303030303030303,0.333333333333333,0.285714285714286
"Ahy",0,0,0,0,0,0.0588235294117647,0.15,0,0.111111111111111,0.206896551724138,0,0.0588235294117647,0,0.148148148148148,0.333333333333333,0,0,0,0.6,0,0,0,0.0833333333333333,0,0,0,0.210526315789474,0.2,0,0,0,0,0,0,0,0.0645161290322581,0.121212121212121,0,0.103448275862069,0.4,0.208333333333333
"Dca",0,0,1,0,0.368421052631579,0.0983606557377049,0.350877192982456,0,0.105263157894737,0.357142857142857,0.222222222222222,0,0,0,0.4,0.12,0,0,0.294117647058824,0,0,0,0.107142857142857,0,0,0,0.36231884057971,0.25,0,0,0,0.333333333333333,0,0,0,0.0967741935483871,0,0,0,0.184210526315789,0.368421052631579
"Poa",0,0,0,0,0.185185185185185,0.0958904109589041,0.25,0,0.0645161290322581,0.271186440677966,0.1875,0,0,0.0985915492957746,0.536585365853659,0.0727272727272727,0,0,0.551724137931034,0,0,0,0.0857142857142857,0.428571428571429,0,0,0.290322580645161,0.166666666666667,0,0,0,0,0,0,0,0.0897435897435897,0.111111111111111,0,0.0588235294117647,0.519230769230769,0.257575757575758
"Hun",0,0,0,0,0,0.17948717948718,0.410714285714286,0,0.111111111111111,0.395833333333333,0.705882352941177,0.347826086956522,0,0,0.363636363636364,0.161290322580645,0,0,0.548387096774194,0,0,0,0.131578947368421,0.25,0,0,0.368421052631579,0.235294117647059,0,1,0,0,0,1,0,0.170731707317073,0.0434782608695652,0,0.048780487804878,0.588235294117647,0.375
"Sim",0,0,0,0,0.428571428571429,0.111111111111111,0.195121951219512,0,0.0714285714285714,0.227272727272727,0.5,0,0,0,0.457142857142857,0.0588235294117647,0,0,0.45,0,0,0,0.103448275862069,0.2,0,0,0.222222222222222,0.425,0,0,0,0,0,0,0,0.137931034482759,0.0625,0,0.0571428571428571,0.729166666666667,0.208333333333333
"Fta",0,0,0,0,0.307692307692308,0.113207547169811,0.35,0,0.181818181818182,0.27536231884058,0.347826086956522,0.0689655172413793,0.04,0.0666666666666667,0.339622641509434,0.176470588235294,0,0,0.627450980392157,0,0,0,0.12962962962963,0,0,0,0.292307692307692,0.5,0,0,0,0,0,0,0,0.173076923076923,0.075,0,0.0357142857142857,0.416666666666667,0.253731343283582
"Dsp",0,0,0,0,0.166666666666667,0,0,0,0,0,0.333333333333333,0,0,0,0.181818181818182,0,0,0,0.31578947368421,0,0,0,0,0,0,0.333333333333333,0,0.0869565217391304,0,0,0,0,0,0,0,0,0,0,0,0.352941176470588,0
"Mgu",0,0,0,0,0.285714285714286,0.108695652173913,0.365853658536585,0,0.1,0.378378378378378,0.416666666666667,0,0,0.0526315789473684,0.48,0.0847457627118644,0.0227272727272727,0.0277777777777778,0.710144927536232,0,0,0.0185185185185185,0.0930232558139535,0,0.25,0,0.333333333333333,0.3,0,0,0,0,0,0,0,0.122448979591837,0.0740740740740741,0,0.08,0.461538461538462,0.317073170731707
"Mau",0,0,0,0,0,0,0.111111111111111,0,0,0.131578947368421,0.214285714285714,0.0714285714285714,0,0,0.08,0,0,0,0,0,0,0,0,0,0,0,0.125,0.357142857142857,0,0,0,0,0,0,0,0,0,0,0,0.192307692307692,0.102564102564103
"Cab",0,0,0,0,0.611111111111111,0.1375,0.432835820895522,0,0.109756097560976,0.449275362318841,0.333333333333333,0.117647058823529,0,0.0776699029126214,0.659574468085106,0.108910891089109,0,0,0.826086956521739,0,0,0,0.125,0.1,0,0,0.45,0.551724137931034,0,0.5,0,0,0,0.5,0,0.129411764705882,0.0970873786407767,0,0.122448979591837,0.844444444444444,0.507692307692308
"Smd",0,0,0,0,0.545454545454545,0.140845070422535,0.38,0,0.0384615384615385,0.44,0.444444444444444,0,0,0.0597014925373134,0.333333333333333,0.138888888888889,0,0,0.619565217391304,0,0,0,0.135135135135135,0,0,0,0.411764705882353,0.166666666666667,0,0,0,0,0,0,0,0.138888888888889,0.116666666666667,0,0.0178571428571429,0.68421052631579,0.384615384615385
"Sas",0,0.0454545454545455,0,0,0.333333333333333,0,0.1,0,0,0.0357142857142857,0,0,0,0,0.166666666666667,0,0,0,0.290322580645161,0,0,0,0,0,0,0,0.103448275862069,0.142857142857143,0,0,0,0,0,0,0,0,0,0,0,0.153846153846154,0.1
"Jam",0,0,0,0,0.333333333333333,0.0967741935483871,0.396551724137931,0,0.108108108108108,0.415384615384615,0.636363636363636,0.310344827586207,0,0.149532710280374,0.611111111111111,0.0970873786407767,0,0,0.564102564102564,0,0,0,0.0891089108910891,0,0,0,0.457627118644068,0.552631578947368,0,0.5,0,0,0,0.5,0,0.123595505617978,0.140350877192982,0,0.111111111111111,0.675675675675676,0.440677966101695
"Sin",0,0,0,0,0,0.08,0.173076923076923,0,0.0652173913043478,0.245283018867925,0,0,0,0.0289855072463768,0.272727272727273,0.0714285714285714,0,0,0.313725490196078,0,0,0,0.0784313725490196,0,0,0,0.230769230769231,0.261904761904762,0,0,0,0,0,0,0,0.0833333333333333,0,0,0,0.344827586206897,0.188679245283019
"Stf",0,0,0,0,0.142857142857143,0,0.351851851851852,0,0,0.384615384615385,0.111111111111111,0.2,0.0384615384615385,0,0.488888888888889,0,0,0,0.63235294117647,0,0,0.0125,0,0,0.2,0,0.377358490566038,0.407407407407407,0,0,0,0,0,0,0,0,0,0,0,0.65625,0.339285714285714
"Ure",0,0,0,0,0.0606060606060606,0,0.037037037037037,0,0,0.0384615384615385,0,0,0,0,0.264705882352941,0,0.0108695652173913,0.0105263157894737,0.333333333333333,0,0,0,0,0,0,0.0833333333333333,0.0434782608695652,0.0425531914893617,0,0.666666666666667,0,0,0,0.666666666666667,0,0,0,0,0,0.307692307692308,0.0384615384615385
"Ugi",0,0,0,0,0.125,0,0,0,0,0,0.714285714285714,0,0,0,0,0,0,0,0.1,0,0,0,0,0,0,0,0,0.25,0,0,0,0,0,0,0,0,0,0,0,0.6,0
"Bal",0,0,0,0,0.6,0.2,0.422222222222222,0,0.108108108108108,0.409090909090909,0.333333333333333,0,0,0.0754716981132075,0.605263157894737,0.183333333333333,0,0,0.416666666666667,0,0.1,0,0.239130434782609,0.1,0,0,0.35,0.434782608695652,0,0,0,0,0,0,0,0.218181818181818,0.12,0,0.0857142857142857,0.269230769230769,0.408163265306122
"Lbr",0,0,0,0,0.111111111111111,0,0.0769230769230769,0,0,0.111111111111111,0,0.0769230769230769,0,0,0.34375,0,0,0,0.261904761904762,0,0,0,0,0,0.333333333333333,0,0.0952380952380952,0,0,0,0,0,0,0,0,0,0,0,0,0.285714285714286,0.0731707317073171
"Anm",0.0666666666666667,0,0,0,0.444444444444444,0.0240963855421687,0.375,0,0.0327868852459016,0.375,0.444444444444444,0.0909090909090909,0,0.0303030303030303,0.69811320754717,0.028169014084507,0,0,0.658227848101266,0,0,0,0.0246913580246914,0,0.625,0,0.326923076923077,0.515151515151515,0,0,0,0,0,0,0,0.0256410256410256,0.03125,0,0,0.6,0.36
"Ahp",0,0,0,0,0.4,0.037037037037037,0.406779661016949,0,0.0634920634920635,0.413793103448276,0.5,0.210526315789474,0,0.0921052631578947,0.511627906976744,0.0540540540540541,0,0.0192307692307692,0.742424242424242,0,0,0.0178571428571429,0.0617283950617284,0,0,0,0.381818181818182,0.625,0,0,0,0,0,0,0,0.037037037037037,0.0869565217391304,0,0.0704225352112676,0.641025641025641,0.407407407407407
"Phu",0,0,0,0,0.571428571428571,0,0.272727272727273,0,0,0.25,0.25,0.125,0.0285714285714286,0,0.166666666666667,0,0.0151515151515152,0.0317460317460317,0.463414634146341,0,0,0,0,0,0.125,0,0.270833333333333,0.272727272727273,0,0,0,0,0,0,0,0,0,0,0,0.586206896551724,0.285714285714286
"Oea",0,0,0,0,0.138888888888889,0.108433734939759,0.231578947368421,0,0.0919540229885057,0.262626262626263,0,0.0277777777777778,0,0.0760869565217391,0.142857142857143,0.117021276595745,0,0,0.123456790123457,0,0,0,0.0952380952380952,0.105263157894737,0.125,0,0.274725274725275,0.169230769230769,0,0,0,0,0,0,0,0.114942528735632,0.117647058823529,0,0.0547945205479452,0.25,0.277777777777778
"Fex",0,0,0,0.0666666666666667,0.37037037037037,0.0735294117647059,0.318181818181818,0,0.109375,0.323529411764706,0.222222222222222,0,0,0.1,0.333333333333333,0.0909090909090909,0.0113636363636364,0.0126582278481013,0.465116279069767,0,0,0.0609756097560976,0.112903225806452,0.0666666666666667,0.625,0,0.333333333333333,0.32,0.00925925925925926,0,0,0,0,0,0,0.0985915492957746,0.135593220338983,0,0.0714285714285714,0.636363636363636,0.35
"Stu",0,0,0,0,0.678571428571429,0.3625,0.56043956043956,0,0.192660550458716,0.534883720930233,0.6,0.166666666666667,0.0384615384615385,0.103703703703704,0.484848484848485,0.268292682926829,0.0634920634920635,0.0175438596491228,0.829931972789116,0,0,0.0526315789473684,0.345679012345679,0,0,0,0.554347826086957,0.565217391304348,0.0185185185185185,0,0,0,0,0,0,0.391891891891892,0.120967741935484,0,0.0934579439252336,0.836734693877551,0.561224489795918
"Soc",0.0666666666666667,0,0,0,0.608695652173913,0.357142857142857,0.410958904109589,0,0.211267605633803,0.452054794520548,0.333333333333333,0.142857142857143,0,0.166666666666667,0.448275862068966,0.314814814814815,0.0163934426229508,0.0175438596491228,0.806818181818182,0,0,0,0.327586206896552,0,0,0,0.444444444444444,0.277777777777778,0.0166666666666667,0,0.125,0,0,0,0,0.357142857142857,0.149253731343284,0,0.1,0.4,0.455696202531646
"Cau",0,0,0,0,0.583333333333333,0.360655737704918,0.547945205479452,0,0.223684210526316,0.545454545454545,0.428571428571429,0.0666666666666667,0,0.158536585365854,0.413793103448276,0.350877192982456,0.0181818181818182,0.0181818181818182,0.714285714285714,0,0,0.0185185185185185,0.360655737704918,0,0,0,0.578947368421053,0.592592592592593,0,0,0,0,0,0,0,0.354838709677419,0.125,0,0.0945945945945946,0.472222222222222,0.55
"Pax",0,0,0,0,0.4,0.153846153846154,0.123076923076923,0,0.072289156626506,0.160714285714286,0.2,0,0,0.0571428571428571,0.114285714285714,0.172413793103448,0,0,0.25,0,0,0,0.149253731343284,0,0,0,0.147540983606557,0.485714285714286,0,0,0,0,0,0,0,0.166666666666667,0.0923076923076923,0,0.0235294117647059,0.352941176470588,0.114285714285714
"Ini",0,0,0,0,0.4,0.28735632183908,0.3625,0,0.226190476190476,0.384615384615385,0.444444444444444,0.2,0,0.0927835051546392,0.604651162790698,0.316831683168317,0,0,0.5,0,0,0,0.304347826086957,0.3,0.2,0,0.328358208955224,0.56,0.0344827586206897,0,0,0,0,0,0,0.321428571428571,0.138297872340426,0,0.0888888888888889,0.692307692307692,0.328767123287671
"Len",0,0,0,0,0.4375,0.0681818181818182,0.125,0,0,0.113636363636364,0,0,0,0,0.0714285714285714,0.0727272727272727,0,0,0.0740740740740741,0,0,0,0.0888888888888889,0,0,0,0.0888888888888889,0,0.0121951219512195,0,0,0,0,0,0,0.0833333333333333,0.0208333333333333,0,0,0.31578947368421,0.113636363636364
"Eug",0,0,0.5,0,0.555555555555556,0,0.425925925925926,0,0,0.387096774193548,0.5,0.148148148148148,0.0645161290322581,0,0.52,0,0,0.0172413793103448,0.690909090909091,0,0,0,0,0,0.2,0,0.410714285714286,0.418181818181818,0,0.5,0,0.5,0,0.5,0,0,0,0,0,0.609756097560976,0.387096774193548
"Gse",0,0,0,0,0.0666666666666667,0.0333333333333333,0.0869565217391304,0,0,0.0952380952380952,0.333333333333333,0,0,0.0447761194029851,0.0769230769230769,0.0363636363636364,0,0,0.264150943396226,0,0,0,0.0175438596491228,0,0,0,0.125,0.0769230769230769,0,0,0,0,0,0,0,0.0175438596491228,0.0476190476190476,0,0.0384615384615385,0.222222222222222,0.0888888888888889
"Cro",0,0,0,0,0.4,0.106382978723404,0.0930232558139535,0,0.130434782608696,0.0512820512820513,0,0,0,0.0555555555555556,0.0869565217391304,0.119047619047619,0,0,0.27906976744186,0,0,0,0.104166666666667,0,0,0,0.0833333333333333,0.0714285714285714,0,0,0,0,0,0,0,0.116279069767442,0.0555555555555556,0,0.0476190476190476,0.175,0.0681818181818182
"Cof",0,0,0,0,0.545454545454545,0.276315789473684,0.444444444444444,0,0.224137931034483,0.390625,0.375,0.0588235294117647,0,0.184782608695652,0.428571428571429,0.265060240963855,0.0208333333333333,0.024390243902439,0.657142857142857,0,0,0,0.285714285714286,0.142857142857143,0.25,0,0.416666666666667,0.352941176470588,0,0,0,0,0,0,0,0.302631578947368,0.166666666666667,0,0.104477611940299,0.387755102040816,0.474576271186441
"Opp",0,0,0,0,0.290322580645161,0.203703703703704,0.133333333333333,0,0.15,0.142857142857143,0,0,0,0.111111111111111,0.181818181818182,0.18,0,0,0.560606060606061,0,0,0,0.22,0,0,0,0.121951219512195,0.40983606557377,0,0,0,0,0,0,0,0.207547169811321,0.125,0,0.0769230769230769,0.564102564102564,0.152173913043478
"Euu",0,0,0,0,0.583333333333333,0.111111111111111,0.2,0,0.12,0.236842105263158,0,0.0526315789473684,0,0.0943396226415094,0.40625,0.120689655172414,0,0.0178571428571429,0.594594594594595,0,0,0,0.166666666666667,0.125,0,0,0.209302325581395,0.387755102040816,0,0,0,0,0,0,0,0.166666666666667,0.105263157894737,0,0.0476190476190476,0.666666666666667,0.225
"Han",0,0,0,0,0,0,0,0,0,0,0,0,0,0,0,0,0,0,0,0,0,0,0,0,0,0,0,0,0,0,0,0,0,0,0,0,0,0,0,0,0
"Csg",0,0,0.714285714285714,0,0.63265306122449,0.256410256410256,0.686046511627907,0,0.174757281553398,0.644444444444444,0.111111111111111,0.133333333333333,0,0.137614678899083,0.732142857142857,0.25,0.0114942528735632,0.012987012987013,0.75609756097561,0,0,0.04,0.210526315789474,0.142857142857143,0,0,0.67816091954023,0.470588235294118,0,0,0,0.875,0,0,0,0.239316239316239,0.26605504587156,0,0.104166666666667,0.508771929824561,0.686046511627907
"Cti",0,0,0,0,0.428571428571429,0.225806451612903,0.208333333333333,0,0.0645161290322581,0.229166666666667,0.25,0,0,0.0769230769230769,0.517241379310345,0.19047619047619,0,0,0.690909090909091,0,0,0,0.209677419354839,0.1,0,0,0.192307692307692,0,0.0217391304347826,1,0,0,0,1,0,0.234375,0.13953488372093,0,0.0555555555555556,0.407407407407407,0.229166666666667
"Plx",0,0,0,0,0.375,0.0769230769230769,0.414634146341463,0,0,0.395348837209302,0.5,0,0,0,0.260869565217391,0.0810810810810811,0,0,0.4375,0,0,0,0.0681818181818182,0.285714285714286,0.25,0,0.425,0.285714285714286,0,0,0,0,0,0,0,0.0652173913043478,0,0,0,0.375,0.395348837209302
"Pny",0.0666666666666667,0.03125,0,0,0.461538461538462,0.34,0.166666666666667,0,0.122448979591837,0.12,0,0.0555555555555556,0,0.125,0.586206896551724,0.36,0.02,0.0204081632653061,0.702127659574468,0,0,0.0204081632653061,0.298245614035088,0.0769230769230769,0.2,0.111111111111111,0.166666666666667,0,0,0,0,0,0,0,0.166666666666667,0.321428571428571,0.166666666666667,0,0.0925925925925926,0.294117647058824,0.14
"Api",0,0,0,0,0.379310344827586,0.0256410256410256,0.244897959183673,0,0.0285714285714286,0.25,0,0.166666666666667,0,0.135135135135135,0.3125,0,0,0,0.631578947368421,0,0,0,0,0,0,0,0.25,0.333333333333333,0.0227272727272727,0,0,0,0,0,0,0.0232558139534884,0.0697674418604651,0,0.0606060606060606,0.166666666666667,0.244897959183673
"Loj",0,0,0,0,0.285714285714286,0.278688524590164,0.412698412698413,0,0.203883495145631,0.411764705882353,0.125,0,0,0.195652173913043,0.51219512195122,0.23728813559322,0.0317460317460317,0.0166666666666667,0.538461538461538,0,0,0.02,0.267716535433071,0,0.285714285714286,0,0.378787878787879,0,0,0,0,0,0,0,0,0.28,0.24468085106383,0,0.16,0.423076923076923,0.416666666666667
"Vmb",0,0,0,0,0.5,0.0588235294117647,0.320754716981132,0,0.0675675675675676,0.3125,0,0.130434782608696,0,0.0923076923076923,0.166666666666667,0.0483870967741935,0,0,0.409090909090909,0,0,0,0.0379746835443038,0,0,0,0.260869565217391,0.32,0,0,0,0,0,0,0,0.0303030303030303,0.0615384615384615,0,0.0597014925373134,0.25,0.285714285714286
"Rgr",0,0,0,0,0.181818181818182,0.2,0.46969696969697,0,0.24,0.422535211267606,0.25,0,0,0.0588235294117647,0.147058823529412,0.347826086956522,0,0,0.714285714285714,0,0,0,0.2,0,0,0,0.411764705882353,0.3,0,0,0,0,0,0,0,0.212121212121212,0.0588235294117647,0,0,0.368421052631579,0.430769230769231
"Cle",0,0,0,0,0,0,0.0588235294117647,0,0,0.0727272727272727,0,0,0,0.05,0,0,0,0,0,0,0,0,0,0,0.2,0,0.0545454545454545,0,0,0,0,0,0,0,0,0,0.0465116279069767,0,0.0434782608695652,0.0952380952380952,0.0588235294117647
"Ach",0,0,0,0,0,0,0.125,0,0,0.2,0,0.0333333333333333,0.0416666666666667,0,0.225806451612903,0,0,0,0.1875,0,0,0,0,0,0,0,0.19047619047619,0.2,0,0,0,0,0,0,0,0,0,0,0,0,0.196969696969697
"Rgo",0,0,0,0,0,0,0,0,0,0,0,0,0,0,0,0,0,0,0,0,0,0,0,0,0,0,0,0,0,0,0,0,0,0,0,0,0,0,0,0,0
"Chu",0,0,0,0,0.451612903225806,0.268292682926829,0.432432432432432,0,0.155555555555556,0.40625,0.5,0.0344827586206897,0,0.0748299319727891,0.462962962962963,0.255813953488372,0.0240963855421687,0.0384615384615385,0.613636363636364,0,0,0.0140845070422535,0.257352941176471,0.125,0.166666666666667,0,0.413333333333333,0.333333333333333,0,0,0,0.25,0,0,0,0.24812030075188,0.114457831325301,0,0.0748299319727891,0.608695652173913,0.417721518987342
"Dio",0,0,0,0,0.5,0.102040816326531,0.264150943396226,0,0.0681818181818182,0.30188679245283,0.5,0,0,0.0333333333333333,0.456521739130435,0.127659574468085,0,0.0185185185185185,0.5,0,0,0.0192307692307692,0.0943396226415094,0,0,0,0.274509803921569,0.61764705882353,0,0,0,0,0,0,0,0.0833333333333333,0.0294117647058824,0,0,0.735849056603774,0.30188679245283
"Syd",0,0,0,0,0.142857142857143,0.0204081632653061,0.0983606557377049,0,0.0126582278481013,0.0545454545454545,0,0,0,0.0793650793650794,0.125,0,0,0,0.532258064516129,0,0,0,0.0158730158730159,0,0,0,0.0925925925925926,0,0,0,0,0,0,0,0,0,0.0806451612903226,0,0.0117647058823529,0.478260869565217,0.105263157894737
"Acc",0,0,0,0,0.4375,0.155172413793103,0.441860465116279,0,0.0566037735849057,0.25,0.260869565217391,0,0.0263157894736842,0,0.264705882352941,0.142857142857143,0,0,0.63265306122449,0,0,0,0.157894736842105,0,0,0,0.391304347826087,0.5,0,0,0,0,0,0,0,0.152542372881356,0,0,0,0.5,0.289473684210526
"Caa",0,0,0,0,0.214285714285714,0.1875,0.257575757575758,0,0.14,0.323076923076923,0,0,0,0.170212765957447,0.296296296296296,0.178571428571429,0.0119047619047619,0.0111111111111111,0.5,0,0,0.0136986301369863,0.208333333333333,0.285714285714286,0,0,0.283333333333333,0.521739130434783,0,0,0,0,0,0,0,0.204081632653061,0.127659574468085,0,0.0882352941176471,0.217391304347826,0.287878787878788
"Hma",0,0,0,0,0.5,0.0517241379310345,0.40983606557377,0,0.0677966101694915,0.416666666666667,0,0.0434782608695652,0.103448275862069,0.0769230769230769,0.178571428571429,0.0444444444444444,0.0408163265306122,0.0434782608695652,0.53968253968254,0,0,0.0222222222222222,0.0793650793650794,0,0.666666666666667,0,0.403846153846154,0.25531914893617,0,1,0,0,0,1,0,0.0740740740740741,0.0769230769230769,0,0.101694915254237,0.142857142857143,0.407407407407407
"Mao",0,0,0,0,0.555555555555556,0.102040816326531,0.294117647058824,0,0.0681818181818182,0.230769230769231,0.166666666666667,0.0869565217391304,0,0.0344827586206897,0.363636363636364,0.104166666666667,0,0,0.644444444444444,0,0,0,0.113636363636364,0,0,0,0.258064516129032,0.363636363636364,0,0,0,0,0,0,0,0.106382978723404,0.0588235294117647,0,0,0.681818181818182,0.25
"Tsp",0,0,0,0,0.0833333333333333,0.186274509803922,0.320754716981132,0,0.162162162162162,0.36734693877551,0.836734693877551,0.0833333333333333,0,0.0288461538461538,0.536585365853659,0.228915662650602,0,0,0.662650602409639,0,0,0,0.204301075268817,0,0,0,0.307692307692308,0.612244897959184,0.0363636363636364,0,0,0,0,0,0,0.213483146067416,0.075,0,0.01,0.568181818181818,0.294117647058824
"Nnu",0,0,0,0,0.25,0.153846153846154,0.0980392156862745,0,0.0238095238095238,0.1,0,0.0769230769230769,0,0.0217391304347826,0.257142857142857,0.0571428571428571,0,0,0.275,0,0,0,0.133333333333333,0,0,0,0.0816326530612245,0.28125,0,0,0,0,0,0,0,0.162162162162162,0.0256410256410256,0,0.0222222222222222,0.508771929824561,0.106382978723404
"Tsl",0,0,1,0,0.545454545454545,0.130434782608696,0.395061728395062,0,0.111111111111111,0.340659340659341,0.4,0.111111111111111,0,0.0895522388059701,0.352941176470588,0.166666666666667,0,0,0.736842105263158,0,0,0,0.166666666666667,0,0,0,0.379310344827586,0.45,0,0,0,0.5,0,0,0,0.18,0.138888888888889,0,0.0909090909090909,0.857142857142857,0.388888888888889
"Aqc",0,0,0,0,0.5,0.217391304347826,0.4,0,0.205882352941176,0.357142857142857,0,0,0,0.0606060606060606,0.538461538461538,0.238095238095238,0,0,0.66,0,0,0,0.253731343283582,0,0,0,0.274509803921569,0.55,0,0,0,0,0,0,0,0.261538461538462,0.106666666666667,0,0.0847457627118644,0.392857142857143,0.338983050847458
"Aox",0,0,0,0,0.444444444444444,0.275,0,0,0.125,0,0,0.0526315789473684,0,0.0625,0.476190476190476,0.228571428571429,0,0,0.415730337078652,0,0,0,0.261904761904762,0,0,0,0,0.282051282051282,0.0333333333333333,0,0,0,0,0,0,0.3,0.0754716981132075,0,0.0930232558139535,0.0476190476190476,0
"Epu",0,0,0.666666666666667,0,0.393939393939394,0.193798449612403,0.333333333333333,0,0.125984251968504,0.543478260869565,0.647058823529412,0.136363636363636,0,0.0787037037037037,0.685714285714286,0.295238095238095,0,0,0.648854961832061,0,0,0,0.229357798165138,0,0,0,0.573170731707317,0.526315789473684,0.128205128205128,0,0,0.666666666666667,0,0,0,0.243697478991597,0.114678899082569,0,0.0794701986754967,0.776699029126214,0.561797752808989
"Kun",0,0,0,0.1875,0.153846153846154,0.0638297872340425,0.0571428571428571,0,0.0465116279069767,0.0769230769230769,0.538461538461538,0,0.04,0.0606060606060606,0.395348837209302,0.108695652173913,0.0277777777777778,0.0277777777777778,0.527272727272727,0,0,0,0.0408163265306122,0.25,0.333333333333333,0,0.0967741935483871,0.0909090909090909,0,0,0,0,0,0,0,0.0851063829787234,0.113636363636364,0,0.0294117647058824,0.36,0.09375
"Psp",0,0,0,0,0.4,0.288659793814433,0.36,0.0833333333333333,0.158415841584158,0.360902255639098,0.444444444444444,0.0597014925373134,0,0.0202020202020202,0.388888888888889,0.256756756756757,0,0,0.635514018691589,0,0,0,0.255102040816327,0.333333333333333,0.1,0,0.316326530612245,0.272727272727273,0,0,0,0.5,0,0,0,0.257731958762887,0.0495049504950495,0,0.0588235294117647,0.613333333333333,0.357798165137615
"Akt",0,0,0,0,0.733333333333333,0.189189189189189,0.3,0,0.148148148148148,0.261904761904762,0.545454545454545,0.08,0,0.074468085106383,0.380952380952381,0.22093023255814,0,0,0.60655737704918,0,0,0,0.246913580246914,0,0.25,0,0.230769230769231,0.61764705882353,0,0,0,0,0,0,0,0.24390243902439,0.125,0,0.103092783505155,0.916666666666667,0.2
"Lcu",0,0,0,0,0.5,0.161290322580645,0.0434782608695652,0,0.0958904109589041,0.0434782608695652,0.333333333333333,0,0,0.0704225352112676,0.324324324324324,0.148148148148148,0,0,0.578947368421053,0,0,0,0.153846153846154,0,0.25,0,0.04,0.15,0,0,0,0,0,0,0,0.161290322580645,0.0793650793650794,0,0.0151515151515152,0.41025641025641,0.0416666666666667
"Cka",0,0,0,0,0.35,0.307692307692308,0.109090909090909,0,0.123076923076923,0.0566037735849057,0.555555555555556,0,0,0.0338983050847458,0.55,0.238805970149254,0,0,0.692307692307692,0,0,0,0.292307692307692,0,0,0,0.101694915254237,0.333333333333333,0,0,0,0,0,0,0,0.3125,0.0566037735849057,0,0,0.730769230769231,0.0909090909090909
"Cpy",0,0,0,0,0.222222222222222,0.25,0.345454545454545,0,0.185185185185185,0.35,0.571428571428571,0,0,0.0476190476190476,0.538461538461538,0.25531914893617,0,0,0.603448275862069,0,0,0,0.230769230769231,0,0,0.125,0.327586206896552,0.619047619047619,0,0,0,0,0,0,0,0.25531914893617,0.0454545454545455,0,0.0425531914893617,0.133333333333333,0.322033898305085
"Mof",0,0,0,0,0.6,0.253968253968254,0.340425531914894,0,0.202898550724638,0.319148936170213,0.444444444444444,0,0,0.101694915254237,0.567567567567568,0.186440677966102,0,0,0.651162790697674,0,0,0,0.242424242424242,0,0,0.5,0.347826086956522,0.451612903225806,0,0,0,0,0,0,0,0.258064516129032,0.0625,0,0.133333333333333,0.727272727272727,0.347826086956522
"Arf",0,0,0.5,0,0.727272727272727,0.3125,0.372093023255814,0,0.225806451612903,0.142857142857143,0,0,0,0.148148148148148,0.6,0.314285714285714,0,0,0.688888888888889,0,0,0,0.361111111111111,0,0,0,0.263157894736842,0.5,0,0,0,0.5,0,0,0,0.3,0.21875,0,0.137931034482759,0.515151515151515,0.342105263157895
"Pni",0,0,0,0.0769230769230769,0.48,0.15625,0.236363636363636,0,0.173076923076923,0.371428571428571,0.285714285714286,0.0526315789473684,0,0.215686274509804,0.3125,0.151898734177215,0,0,0.54945054945055,0,0,0.0224719101123595,0.245901639344262,0,0,0,0.327586206896552,0.325,0.010752688172043,0,0,0,0,0,0,0.1,0.192307692307692,0,0.169491525423729,0.621951219512195,0.208333333333333
"Chq",0,0,0,0,0,0.236842105263158,0.346938775510204,0,0.08,0.339622641509434,0.181818181818182,0,0,0,0.3,0.166666666666667,0,0,0.602941176470588,0,0,0,0.195121951219512,0.166666666666667,0,0,0.391304347826087,0.272727272727273,0,0,0,0,0,0,0,0.225,0.1,0,0.0434782608695652,0.647058823529412,0.377777777777778
"Cde",0,0.027027027027027,0.5,0,0,0.166666666666667,0.0434782608695652,0,0.2,0.0416666666666667,0.545454545454545,0,0,0,0.1875,0.181818181818182,0,0,0.153846153846154,0,0,0.0416666666666667,0.1,0,0,0,0.0454545454545455,0,0,0,0,0.666666666666667,0,0,0,0.181818181818182,0,0,0,0,0.0476190476190476
"Bdi",0,0,0,0,0.592592592592593,0.2,0.294117647058824,0,0.0784313725490196,0.46875,0,0,0,0.234042553191489,0.555555555555556,0.0985915492957746,0,0,0.230769230769231,0,0,0,0.209302325581395,0,0,0,0.368421052631579,0.533333333333333,0,0,0,0,0,0,0,0.192307692307692,0.225,0,0.132352941176471,0.409090909090909,0.40625
"Aea",0,0,0,0,0.62962962962963,0.1,0.446153846153846,0,0.0666666666666667,0.517857142857143,0.457142857142857,0.2,0,0,0.537313432835821,0.0654205607476635,0,0,0.435483870967742,0,0,0,0.140845070422535,0,0,0,0.513888888888889,0.58,0.0363636363636364,0.333333333333333,0,0,0,0.333333333333333,0,0.114942528735632,0.0701754385964912,0,0.0326086956521739,0.615384615384615,0.548387096774194
"Ped",0,0,0,0.111111111111111,0.586206896551724,0.175675675675676,0.372881355932203,0,0.148648648648649,0.28,0.423076923076923,0.0701754385964912,0,0.262295081967213,0.439393939393939,0.10377358490566,0,0,0.517857142857143,0,0.111111111111111,0.0113636363636364,0.169230769230769,0.181818181818182,0.133333333333333,0,0.333333333333333,0.434782608695652,0,0,0,0,0,0,0,0.168831168831169,0.218181818181818,0,0.1,0.351351351351351,0.338983050847458
"Osm",0,0,0,0,0,0,0.114285714285714,0,0.0392156862745098,0.0666666666666667,0.161290322580645,0,0,0.0222222222222222,0.210526315789474,0.02,0,0,0.09375,0,0,0,0.0625,0,0,0,0.117647058823529,0.142857142857143,0,0,0,0,0,0,0,0.0263157894736842,0,0,0.0289855072463768,0.114285714285714,0.121212121212121
"Sbi",0,0,0,0,0.541666666666667,0.150943396226415,0.291666666666667,0,0.0892857142857143,0.292682926829268,0.707317073170732,0,0,0.1,0.767857142857143,0.144736842105263,0.0188679245283019,0.0181818181818182,0.759259259259259,0,0,0,0.148148148148148,0,0,0,0.388888888888889,0.615384615384615,0,0,0,0,0,0,0,0.129032258064516,0.15,0,0.0410958904109589,0.745098039215686,0.38
"Zma",0,0,0,0,0.15,0.111111111111111,0.0909090909090909,0,0.0222222222222222,0.148148148148148,0.5,0.0833333333333333,0.0294117647058824,0.0526315789473684,0.418604651162791,0.0588235294117647,0.121621621621622,0.123287671232877,0.314285714285714,0,0,0,0.12,0,0,0,0.133333333333333,0.25,0,0,0,0,0,0,0,0.103448275862069,0.0625,0,0.0317460317460317,0.444444444444444,0.12
"Oth",0,0,0,0,0.1875,0.0909090909090909,0.263157894736842,0,0,0.321428571428571,0.5,0.1,0,0.0740740740740741,0.513513513513513,0.152173913043478,0,0,0.428571428571429,0,0,0,0.0869565217391304,0,0,0,0.31578947368421,0.272727272727273,0,0,0,0,0,0,0,0.0714285714285714,0.111111111111111,0,0,0.0588235294117647,0.333333333333333
"Pla",0,0,0,0,0.461538461538462,0.111111111111111,0.148148148148148,0,0.142857142857143,0.2,0.166666666666667,0.0909090909090909,0,0.24,0.230769230769231,0.108108108108108,0.04,0.04,0.391304347826087,0,0,0.0666666666666667,0.125,0,0.2,0,0.214285714285714,0.421052631578947,0,0.5,0,0,0,0.5,0.166666666666667,0.121212121212121,0.210526315789474,0,0.105263157894737,0.444444444444444,0.192307692307692
"Kli",0,0,0,0,0.347826086956522,0.0666666666666667,0.307692307692308,0,0.0425531914893617,0.358974358974359,0.4,0.0882352941176471,0,0.0212765957446809,0.3,0,0,0,0.157894736842105,0,0,0,0.0555555555555556,0.166666666666667,0,0,0.375,0.2,0,0,0,0,0,0,0,0.0689655172413793,0.0227272727272727,0,0,0.230769230769231,0.342105263157895
"Tlb",0,0,0,0,0.4,0,0.2,0,0,0.111111111111111,0,0,0,0,0.55,0,0,0,0.541666666666667,0,0,0,0,0,0,0,0.15625,0.421052631578947,0,0,0,0.333333333333333,0,0,0,0,0,0,0,0.857142857142857,0.172413793103448
"Aco",0,0,0,0,0.571428571428571,0,0.0909090909090909,0,0,0.0909090909090909,0.166666666666667,0.0588235294117647,0,0,0.333333333333333,0,0,0,0.285714285714286,0,0,0,0,0,0,0,0.0952380952380952,0.454545454545455,0,0.666666666666667,0,0,0,0.666666666666667,0,0,0,0,0,0.375,0.0869565217391304
"Cod",0,0,0,0,0.692307692307692,0.145833333333333,0.442307692307692,0,0.0714285714285714,0.448979591836735,0.615384615384615,0,0.0384615384615385,0.0566037735849057,0.527777777777778,0.129032258064516,0.0138888888888889,0.0144927536231884,0.701754385964912,0,0,0,0.122448979591837,0,0.333333333333333,0,0.4375,0.619047619047619,0,0,0,0,0,0,0,0.148936170212766,0.0689655172413793,0,0.0579710144927536,0.789473684210526,0.468085106382979
"Pdb",0,0,0,0,0,0,0.188679245283019,0,0,0.170212765957447,0.391304347826087,0,0,0,0,0,0,0,0.40983606557377,0,0,0,0,0,0,0,0.173913043478261,0,0,0,0,0,0,0,0,0,0,0,0,0.117647058823529,0.166666666666667
"Mac",0,0,0,0,0.222222222222222,0.0555555555555556,0.344262295081967,0,0.0175438596491228,0.360655737704918,0.409090909090909,0.119047619047619,0,0.024390243902439,0.5,0.0377358490566038,0,0,0.675,0,0,0,0.0571428571428571,0,0.2,0,0.344262295081967,0.4,0.00833333333333333,0,0,0,0,0,0,0.0625,0.0285714285714286,0,0,0.641509433962264,0.344827586206897
"Zof",0,0,0,0,0,0,0,0,0,0,0,0,0,0,0,0,0,0,0,0,0,0,0,0,0,0,0,0,0,0,0,0,0,0,0,0,0,0,0,0,0
"Aof",0,0,0,0,0.272727272727273,0,0.111111111111111,0,0,0.125,0.333333333333333,0.0833333333333333,0,0,0.291666666666667,0,0.0222222222222222,0.0227272727272727,0.125,0,0,0.0277777777777778,0,0,0,0,0.117647058823529,0.162162162162162,0,0,0,0,0,0,0,0,0,0,0,0.235294117647059,0.0645161290322581
"Ass",0,0,0,0,0.307692307692308,0.0888888888888889,0.42,0,0.0175438596491228,0.4375,0.307692307692308,0.275862068965517,0,0,0.533333333333333,0.0476190476190476,0,0,0.6,0,0,0,0.0833333333333333,0,0.2,0,0.5,0.571428571428571,0,0,0,0,0,0,0,0.0909090909090909,0,0,0,0.588235294117647,0.52
"Asa",0,0,0.666666666666667,0,0.333333333333333,0.246153846153846,0.351351351351351,0,0.0804597701149425,0.35593220338983,0.2,0.207792207792208,0,0.104166666666667,0.285714285714286,0.217948717948718,0.0416666666666667,0.0208333333333333,0.41304347826087,0,0,0,0.233766233766234,0.142857142857143,0,0,0.323076923076923,0.206611570247934,0.0476190476190476,0.5,0,1,0,0.5,0,0.260869565217391,0.120689655172414,0,0.0625,0.622950819672131,0.3125
"Hci",0,0,0,0,0.294117647058824,0.0405405405405405,0.304347826086957,0,0.0210526315789474,0.338461538461538,0.58695652173913,0,0.025,0.028169014084507,0.431818181818182,0.0117647058823529,0,0,0.391304347826087,0,0,0,0.0416666666666667,0,0,0,0.3,0.15,0,0,0,0,0,0,0,0.0476190476190476,0,0,0,0.644444444444444,0.295081967213115
"Peq",0,0,0,0,0.133333333333333,0,0.210526315789474,0,0,0.318181818181818,0.6,0,0,0,0.210526315789474,0,0,0,0.565217391304348,0,0,0,0,0,0,0,0.25,0.133333333333333,0,0,0,0,0,0,0,0,0,0,0,0.222222222222222,0.25
"Dch",0,0,0,0,0,0,0,0,0,0,0,0,0,0,0,0,0,0,0,0,0,0,0,0,0,0,0,0,0,0,0,0,0,0,0,0,0,0,0,0,0
"Vpl",0,0,0,0,0,0,0,0,0,0,0,0,0,0,0,0,0,0,0,0,0,0,0,0,0,0,0,0,0,0,0,0,0,0,0,0,0,0,0,0,0
"Dal",0,0,0,0,0.72,0.159420289855072,0.528301886792453,0,0.0952380952380952,0.559322033898305,0.769230769230769,0,0,0.0333333333333333,0.65625,0.17741935483871,0,0,0.714285714285714,0,0,0,0.134328358208955,0,0.2,0,0.610169491525424,0.6875,0,0,0,0,0,0,0,0.159420289855072,0.0625,0,0.027027027027027,0.784313725490196,0.596774193548387
"Abc",0,0,0,0,0.411764705882353,0,0,0,0,0,0,0,0,0,0.208333333333333,0,0,0,0.583333333333333,0,0,0,0,0,0,0,0,0,0,0,0,0,0,0,0,0,0,0,0,0.142857142857143,0
"Sie",0,0,0,0,0,0.235294117647059,0,0,0.153846153846154,0,0,0,0,0,0.285714285714286,0.2,0,0,0.25,0,0,0,0.2,0,0,0,0,0,0,0,0,0,0,0,0,0.222222222222222,0,0,0,0.333333333333333,0
"Sps",0,0.0555555555555556,0,0,0,0,0.117647058823529,0,0,0.125,0,0,0,0,0.19047619047619,0,0,0,0.166666666666667,0,0,0,0,0,0.25,0,0.125,0.2,0,0,0,0,0,0,0,0,0,0,0,0.857142857142857,0.117647058823529
"Wag",0,0,0,0,0,0.1,0,0,0,0,0.285714285714286,0,0,0,0.125,0.0909090909090909,0,0,0.333333333333333,0,0,0,0,0,0,0,0,0,0,0,0,0,0,0,0,0.2,0,0,0,0,0
"Zom",0,0,0,0,0,0,0.45,0,0,0.478260869565217,0.4,0,0.0416666666666667,0,0.333333333333333,0,0,0,0.384615384615385,0,0,0.037037037037037,0,0,0,0,0.458333333333333,0,0,0,0,0,0,0,0,0,0,0,0,0,0.476190476190476
"Nco",0,0,0,0,0.4,0.26530612244898,0.382352941176471,0,0.169014084507042,0.32,0,0,0,0.09375,0.48,0.217391304347826,0,0,0.775510204081633,0,0,0,0.239130434782609,0,0,0,0.275862068965517,0.555555555555556,0,0,0,0,0,0,0,0.22,0.214285714285714,0,0.0862068965517241,0.942857142857143,0.258064516129032
"Atr",0,0,0,0,0.25,0,0.347826086956522,0,0,0.269230769230769,0.333333333333333,0,0,0,0.303030303030303,0,0,0,0.666666666666667,0,0,0,0,0,0,0,0.285714285714286,0.458333333333333,0,0,0,0,0,0,0,0,0,0,0,0.352941176470588,0.227272727272727
"Tch",0,0,0,0,0.333333333333333,0,0.619718309859155,0,0,0.623376623376623,0.692307692307692,0.125,0.0526315789473684,0,0.390243902439024,0,0.0540540540540541,0,0.672727272727273,0,0,0,0,0,0.4,0,0.621621621621622,0.293103448275862,0,0,0,0,0,0,0,0,0,0,0,0.487179487179487,0.647887323943662
"Twa",0,0,0,0,0.6,0.0941176470588235,0.507692307692308,0,0.0275229357798165,0.547945205479452,0.416666666666667,0.172413793103448,0,0.111111111111111,0.405797101449275,0.0963855421686747,0.0240963855421687,0.0111111111111111,0.724489795918367,0,0.166666666666667,0,0.105882352941176,0.222222222222222,0,0,0.549295774647887,0.27906976744186,0,0,0,0,0,0,0,0.104651162790698,0.104651162790698,0,0.036144578313253,0.611111111111111,0.541666666666667
"Pit",0.0666666666666667,0,0,0,0.454545454545455,0.0930232558139535,0.490066225165563,0,0.064,0.502994011976048,0.807692307692308,0.12280701754386,0.103448275862069,0.050761421319797,0.54320987654321,0.0784313725490196,0.00813008130081301,0.00699300699300699,0.735849056603774,0,0.0909090909090909,0,0.0631578947368421,0,0,0,0.502994011976048,0.252427184466019,0,0,0.125,0,0,0,0,0.0828729281767956,0.0418848167539267,0,0.0476190476190476,0.536842105263158,0.496969696969697
"Gbi",0,0,0,0,0.25,0.0694444444444444,0.398058252427184,0,0.0393700787401575,0.404040404040404,0.529411764705882,0,0.0416666666666667,0.021978021978022,0.68,0.0609756097560976,0,0,0.646464646464647,0,0,0,0.0602409638554217,0,0,0.0909090909090909,0.403846153846154,0.65,0,0,0,0,0,0,0,0.0649350649350649,0.0396039603960396,0,0.0102040816326531,0.707317073170732,0.398058252427184
"Wmi",0,0,0,0.1,0.125,0,0.326530612244898,0,0.0625,0.313725490196078,0.638888888888889,0.0714285714285714,0,0.0454545454545455,0.390243902439024,0,0.0689655172413793,0.0645161290322581,0.642857142857143,0,0,0.0909090909090909,0,0.25,0.714285714285714,0,0.32,0.397435897435897,0,0.666666666666667,0,0,0,0.666666666666667,0,0,0.0434782608695652,0,0.0588235294117647,0.72,0.319148936170213
"Gmo",0,0,0,0,0.478260869565217,0,0.302325581395349,0,0,0.311111111111111,0.555555555555556,0,0.12,0,0.407407407407407,0,0,0,0.476190476190476,0,0,0.0666666666666667,0,0,0,0,0.285714285714286,0.303370786516854,0.111111111111111,0,0,0,0,0,0,0,0,0,0,0.696969696969697,0.31578947368421
"Afi",0,0,0,0,0,0,0,0,0,0,0,0,0,0,0.142857142857143,0,0,0,0,0,0,0,0,0,0,0,0,0,0,0,0,0,0,0,0,0,0,0,0,0.285714285714286,0
"Scu",0,0,0,0,0,0,0,0,0,0,0,0,0,0,0.222222222222222,0,0,0,0,0,0,0,0,0,0,0,0,0.0769230769230769,0,1,0,0,0,1,0,0,0,0,0,0.666666666666667,0
"Adiantum_capillus-veneris",0,0,0,0,0,0,0.311111111111111,0,0,0.311111111111111,0.3125,0,0,0,0.2,0,0.0317460317460317,0.0317460317460317,0.369127516778524,0,0,0.0327868852459016,0,0.222222222222222,0,0.2,0.333333333333333,0.435897435897436,0,0,0,0.5,0,0,0,0,0,0,0,0.181818181818182,0.325581395348837
"Ceratopteris_richardii",0,0,0,0,0,0.0178571428571429,0.341463414634146,0,0.0172413793103448,0.307692307692308,0.533333333333333,0,0,0.0181818181818182,0.148148148148148,0.0175438596491228,0,0,0.367875647668394,0,0,0,0.0178571428571429,0,0,0,0.342857142857143,0.473684210526316,0,0,0,0,0,0,0,0.0178571428571429,0.0181818181818182,0,0.018018018018018,0,0.314285714285714
"Alsophila_spinulosa",0,0,0,0.03125,0.5,0.0606060606060606,0.304,0,0.0600706713780919,0.312,0.714285714285714,0.176470588235294,0.0263157894736842,0.0642570281124498,0.483870967741935,0.0627306273062731,0.0888888888888889,0.0893854748603352,0.605633802816901,0,0,0.0909090909090909,0.0606060606060606,0,0.357142857142857,0,0.317460317460317,0.568627450980392,0.0306122448979592,0,0,0.166666666666667,0,0,0.25,0.0594795539033457,0.0655737704918033,0,0.0617760617760618,0.647058823529412,0.319672131147541
"Marsilea_vestita",0.0588235294117647,0,0,0,0.666666666666667,0.0662251655629139,0.444444444444444,0,0.065359477124183,0.418604651162791,0.511627906976744,0,0,0.0675675675675676,0.577777777777778,0.0662251655629139,0.0434782608695652,0.0294117647058824,0.421686746987952,0,0,0.03125,0.0662251655629139,0,0,0,0.434782608695652,0.25,0,0.666666666666667,0,0,0,0.666666666666667,0,0.0662251655629139,0.0684931506849315,0,0.0675675675675676,0.923076923076923,0.425
"Diphasiastrum_complanatum",0.0555555555555556,0,0,0,0,0,0.310679611650485,0,0,0.354838709677419,0.19047619047619,0,0,0,0.1875,0,0,0,0.339285714285714,0,0.0555555555555556,0,0,0,0.3,0,0.333333333333333,0.461538461538462,0,0,0.0625,0,0,0,0,0,0,0,0,0.486486486486487,0.336842105263158
"Huperzia_asiatica_hapA",0,0,0,0,0,0.117647058823529,0.472727272727273,0,0.148148148148148,0.486486486486487,0.111111111111111,0,0.1875,0.133333333333333,0.368421052631579,0.114285714285714,0,0,0.210526315789474,0,0,0,0.166666666666667,0,0,0,0.475,0,0,0,0,0,0,0,0,0.0555555555555556,0.142857142857143,0,0.153846153846154,0.305555555555556,0.476635514018692
"Huperzia_asiatica_hapB",0,0,0,0,0.25,0,0.444444444444444,0,0,0.466666666666667,0,0,0.125,0,0.4,0,0,0,0.542372881355932,0,0,0,0,0,0,0,0.439716312056738,0,0,0,0,0,0,0,0,0,0,0,0,0.45,0.439393939393939
"Lycopodium_clavatum",0,0,0,0,0,0.238095238095238,0.138461538461538,0,0.163636363636364,0.140625,0.142857142857143,0,0,0.173076923076923,0.272727272727273,0.195652173913043,0,0,0.194444444444444,0,0,0,0.166666666666667,0,0,0,0.134328358208955,0.384615384615385,0,0,0,0,0,0,0,0.318181818181818,0.18,0,0.14,0.227272727272727,0.145161290322581
"Sta",0,0,0,0,0,0,0.0625,0,0,0.0588235294117647,0.2,0.25,0,0,0.272727272727273,0,0,0,0.125,0,0,0,0,0,0,0,0.0666666666666667,0,0,0,0,0,0,0,0,0,0,0,0,0.484848484848485,0.0666666666666667
"Sle",0,0,0,0,0.307692307692308,0,0,0,0,0,0.0769230769230769,0,0.0555555555555556,0,0.413793103448276,0,0,0,0.075,0,0,0,0,0,0,0,0,0.294117647058824,0,0,0,0,0,0,0,0,0,0,0,0.238095238095238,0
"Smo",0,0,0,0,0,0,0.241379310344828,0,0,0.225806451612903,0,0.5,0,0,0.285714285714286,0,0.5,0.5,0.384615384615385,0,0.142857142857143,0.285714285714286,0,0,0,0,0.25,0.318181818181818,0,0,0,0,0,0,0.166666666666667,0,0,0,0,0.31578947368421,0.25
"Ita",0,0,0,0,0,0.114942528735632,0.227272727272727,0,0.161290322580645,0.24,0.461538461538462,0.291666666666667,0,0.222222222222222,0.5,0.0958904109589041,0,0,0.5,0,0,0,0.107142857142857,0,0,0.0833333333333333,0.217391304347826,0.342105263157895,0,0,0,0,0,0,0,0.113636363636364,0.0714285714285714,0,0.0434782608695652,0.31578947368421,0.24
"Syc",0,0,0,0,0,0,0,0,0,0,0,0,0,0,0.181818181818182,0,0,0,0.230769230769231,0,0,0,0,0,0.25,0,0,0,0,0,0,0,0,0,0,0,0,0,0,0,0
"Cpr",0,0,0,0,0,0,0,0,0,0,0.2,0,0,0,0.0555555555555556,0,0,0,0.0606060606060606,0,0,0,0,0,0,0,0,0,0,0,0,0,0,0,0,0,0,0,0,0,0
"Foa",0,0,0,0,0,0,0,0,0,0,0,0,0,0,0.142857142857143,0,0,0,0,0,0,0,0,0,0,0,0,0.0952380952380952,0,0,0,0,0,0,0,0,0,0,0,0,0
"Cap",0,0,0,0,0,0,0.117647058823529,0,0,0,0.285714285714286,0,0,0,0.333333333333333,0,0,0,0,0,0,0,0,0,0,0,0.105263157894737,0,0,0,0,0,0,0,0,0,0,0,0,0,0.111111111111111
"Ppa",0,0,0,0,0,0,0.142857142857143,0,0,0.0666666666666667,0.4375,0,0,0,0.25,0,0,0,0,0,0,0,0,0,0,0,0.103448275862069,0,0,0,0,0,0,0,0,0,0,0,0,0,0.0833333333333333
"Mpo",0,0,0,0,0,0,0,0,0,0,0.36,0,0.0769230769230769,0,0.285714285714286,0,0,0,0.15,0,0,0.0526315789473684,0,0,0,0,0,0,0,0,0,0,0,0,0,0,0,0,0,0.789473684210526,0
"Anb",0,0,0,0,0,0,0,0,0,0,0,0,0,0,0,0,0,0,0,0,0,0,0,0,0,0,0,0,0,1,0,0,0,1,0,0,0,0,0,0,0
"Ant",0,0,0.666666666666667,0,0.4,0,0,0,0,0,0.4,0,0,0,0,0,0,0,0.142857142857143,0,0,0,0,0,0,0,0,0.666666666666667,0,0,0,0.5,0,0,0,0,0,0,0,0.714285714285714,0
"Zygcir1559_1",0,0,0,0,0,0,0,0,0,0,0,0,0,0,0,0,0,0,0,0,0,0,0,0,0,0,0,0,0,0,0,0,0,0,0,0,0,0,0,0,0
"Zygcir1560_1",0,0,0,0,0,0,0,0,0,0,0,0,0,0,0.285714285714286,0,0,0,0,0,0,0,0,0,0,0,0,0,0,0,0,0,0,0,0,0,0,0,0,0,0
"Zygcir6981b_2",0,0,0,0,0,0,0,0,0,0,0,0,0,0,0,0,0,0,0,0,0,0,0,0,0,0,0,0,0,0,0,0,0,0,0,0,0,0,0,0,0
"Zygcyl6981a_1",0,0,0,0,0,0,0,0,0,0,0,0,0,0,0,0,0,0,0,0,0,0,0,0,0,0,0,0,0,0,0,0,0,0,0,0,0,0,0,0,0
"Men",0,0,0,0,0,0,0,0,0,0,0,0,0,0,0.333333333333333,0,0,0,0,0,0,0,0,0,0,0,0,0,0,0,0,0,0,0,0,0,0,0,0,0,0
"Smu",0,0,0,0,0,0,0,0,0,0,0,0,0,0,0,0,0,0,0,0,0,0,0,0,0,0,0,0,0,0,0,0,0,0,0,0,0,0,0,0,0
"Pma",0,0,0,0.102564102564103,0,0,0,0,0,0,0,0,0,0,0,0,0,0,0,0,0,0,0,0,0,0,0,0,0,0,0,0,0,0,0,0,0,0,0,0,0
"Cbr",0,0,0,0,0,0,0,0,0,0,0,0,0,0,0,0,0,0,0,0,0,0,0,0,0,0,0,0,0,0,0,0,0,0,0,0,0,0,0,0,0
"Knh",0,0,0,0,0,0,0,0,0,0,0,0,0,0,0,0,0,0,0,0,0,0,0,0,0,0,0,0,0,0,0,0,0,0,0,0,0,0,0,0,0
"Mvi",0,0,0,0,0,0,0,0,0,0,0,0,0,0,0,0,0,0,0,0,0,0,0,0,0,0,0,0,0,0,0,0,0,0,0,0,0,0,0,0,0
"Cat",0,0,0,0,0,0,0,0,0,0,0,0,0,0,0,0,0,0,0,0,0,0,0,0,0,0,0,0,0,0,0,0,0,0,0,0,0,0,0,0,0
"Czo",0,0,0,0,0,0,0,0,0,0,0,0,0,0,0.466666666666667,0,0,0,0,0,0,0,0,0,0.5,0,0,0.25,0,0,0,0,0,0,0,0,0,0,0,0.142857142857143,0
"Soe",0,0,0,0,0,0,0,0,0,0,0,0,0,0,0,0,0,0,0,0,0,0,0,0,0,0,0,0,0,0,0,0,0,0,0,0,0,0,0,0.111111111111111,0
"Rsu",0,0,0,0,0,0,0,0,0,0,0,0,0,0,0,0,0,0,0,0,0,0,0,0,0,0,0,0,0,0,0,0,0,0,0,0,0,0,0,0,0
"Vca",0,0,0,0,0,0,0,0,0,0,0,0,0,0,0,0,0,0,0,0,0,0,0,0,0,0,0,0,0,0,0,0,0,0,0,0,0,0,0,0,0
"Cre",0,0,0,0,0,0,0,0,0,0,0,0,0,0,0,0,0,0,0,0,0,0,0,0,0,0.25,0,0,0,0,0,0,0,0,0,0,0,0,0,0,0
"Umu",0,0,0,0,0,0,0,0,0,0,0,0,0,0,0,0,0,0,0,0,0,0,0,0,0,0,0,0,0,0,0,0,0,0,0,0,0,0,0,0,0
"Cvu",0,0,0,0,0,0,0,0,0,0,0,0,0,0,0,0,0,0,0,0,0,0,0,0,0,0,0,0,0,0,0,0,0,0,0,0,0,0,0,0,0
"Chf",0,0,0,0,0,0,0,0,0,0,0,0,0,0,0,0,0,0,0,0,0,0,0,0,0,0,0,0,0,0,0,0,0,0,0,0,0,0,0,0,0
"Pic",0,0,0,0,0,0,0,0,0,0,0,0,0,0,0,0,0,0,0,0,0,0,0,0,0,0,0,0,0,0,0,0,0,0,0,0,0,0,0,0,0
"Trb",0,0,0,0,0,0,0,0,0,0,0,0,0,0,0,0,0,0,0,0,0,0,0,0,0,0,0,0,0,0,0,0,0,0,0,0,0,0,0,0,0
"Tst",0,0,0,0,0,0,0,0,0,0,0,0,0,0,0,0,0,0,0,0,0,0,0,0,0,0,0,0,0,0,0,0,0,0,0,0,0,0,0,0,0
"Msp",0,0,0,0,0,0,0,0,0,0,0,0,0,0,0,0,0,0,0,0,0,0,0,0,0,0,0,0,0,0,0,0,0,0,0,0,0,0,0,0,0
"Ota",0,0,0,0,0,0,0,0,0,0,0,0,0,0,0,0,0,0,0,0,0,0,0,0,0,0,0,0,0,0,0,0,0,0,0,0,0,0,0,0,0
"Prc",0,0,0,0,0,0,0,0,0,0,0,0,0,0,1,0,0,0,0,0,0,0,0,0,0,0,0,0,0,0,0,0,0,0,0,0,0,0,0,0,0
